<?xml version="1.0" encoding="utf-8" ?>
<gadget>
  <name>NCC Group Gadget</name>
  <namespace>Hickey</namespace>
  <version>1.0.0.0</version>
  <author name="Matthew Hickey">
    <info url="www.nccgroup.com" />
    <logo src="logo.png"/>
  </author>
  <copyright>&#169; 2008</copyright>
  <description>The NCC Group Gadget</description>
  <icons>
    <icon height="48" width="48" src="logo.gif"/>
  </icons>
  <hosts>
    <host name="sidebar">
      <base type="HTML" apiVersion="1.0.0" src="gadget.html" />
      <permissions>Full</permissions>
      <platform minPlatformVersion="1.0" />
    </host>
  </hosts>
</gadget>

